{
  "name": "scala-cli",
  "argv": [
    "C:\\Users\\Jorge Beltran\\AppData\\Local\\Coursier\\data\\bin\\.scala-cli.aux.exe",
    "bsp",
    "--json-options",
    "C:\\Users\\Jorge Beltran\\Desktop\\Estudio UTPL\\Programacion funcional y reactiva\\ExamenBimestral1\\.scala-build\\ide-options-v2.json",
    "--json-launcher-options",
    "C:\\Users\\Jorge Beltran\\Desktop\\Estudio UTPL\\Programacion funcional y reactiva\\ExamenBimestral1\\.scala-build\\ide-launcher-options.json",
    "--envs-file",
    "C:\\Users\\Jorge Beltran\\Desktop\\Estudio UTPL\\Programacion funcional y reactiva\\ExamenBimestral1\\.scala-build\\ide-envs.json",
    "C:\\Users\\Jorge Beltran\\Desktop\\Estudio UTPL\\Programacion funcional y reactiva\\ExamenBimestral1"
  ],
  "version": "1.9.1",
  "bspVersion": "2.1.1",
  "languages": [
    "scala",
    "java"
  ]
}