{
  "name": "scala",
  "argv": [
    "C:\\Users\\Jorge Beltran\\AppData\\Local\\Coursier\\cache\\arc\\https\\github.com\\scala\\scala3\\releases\\download\\3.7.3\\scala3-3.7.3-x86_64-pc-win32.zip\\scala3-3.7.3-x86_64-pc-win32\\libexec\\scala-cli.exe",
    "--cli-default-scala-version",
    "3.7.3",
    "--repository",
    "file:///C:/Users/Jorge Beltran/AppData/Local/Coursier/cache/arc/https/github.com/scala/scala3/releases/download/3.7.3/scala3-3.7.3-x86_64-pc-win32.zip/scala3-3.7.3-x86_64-pc-win32/maven2",
    "--prog-name",
    "scala",
    "--skip-cli-updates",
    "bsp",
    "--json-options",
    "c:\\Users\\Jorge Beltran\\Desktop\\Estudio UTPL\\Programacion funcional y reactiva\\ExamenBimestral1\\scala\\.scala-build\\ide-options-v2.json",
    "--json-launcher-options",
    "c:\\Users\\Jorge Beltran\\Desktop\\Estudio UTPL\\Programacion funcional y reactiva\\ExamenBimestral1\\scala\\.scala-build\\ide-launcher-options.json",
    "--envs-file",
    "c:\\Users\\Jorge Beltran\\Desktop\\Estudio UTPL\\Programacion funcional y reactiva\\ExamenBimestral1\\scala\\.scala-build\\ide-envs.json",
    "c:\\Users\\Jorge Beltran\\Desktop\\Estudio UTPL\\Programacion funcional y reactiva\\ExamenBimestral1\\scala\\1.2-inmutabilidad.scala"
  ],
  "version": "1.9.0",
  "bspVersion": "2.1.1",
  "languages": [
    "scala",
    "java"
  ]
}