{"version":"1.4.0","project":{"name":"ExamenBimestral1_5025697c03","directory":"C:\\Users\\Jorge Beltran\\Desktop\\Estudio UTPL\\Programacion funcional y reactiva\\ExamenBimestral1\\.scala-build","workspaceDir":"C:\\Users\\Jorge Beltran\\Desktop\\Estudio UTPL\\Programacion funcional y reactiva\\ExamenBimestral1","sources":["C:\\Users\\Jorge Beltran\\Desktop\\Estudio UTPL\\Programacion funcional y reactiva\\ExamenBimestral1\\scala\\1.2-inmutabilidad.scala","C:\\Users\\Jorge Beltran\\Desktop\\Estudio UTPL\\Programacion funcional y reactiva\\ExamenBimestral1\\scala\\1.4-funciones-vs-metodos.scala","C:\\Users\\Jorge Beltran\\Desktop\\Estudio UTPL\\Programacion funcional y reactiva\\ExamenBimestral1\\scala\\2.2-composicion.scala","C:\\Users\\Jorge Beltran\\Desktop\\Estudio UTPL\\Programacion funcional y reactiva\\ExamenBimestral1\\scala\\2.4-tuplas-analisis.scala"],"dependencies":[],"classpath":["C:\\Users\\Jorge Beltran\\AppData\\Local\\Coursier\\cache\\v1\\https\\repo1.maven.org\\maven2\\org\\scala-lang\\scala3-library_3\\3.7.3\\scala3-library_3-3.7.3.jar","C:\\Users\\Jorge Beltran\\AppData\\Local\\Coursier\\cache\\v1\\https\\repo1.maven.org\\maven2\\org\\scala-lang\\scala-library\\2.13.16\\scala-library-2.13.16.jar","C:\\Users\\Jorge Beltran\\AppData\\Local\\Coursier\\cache\\v1\\https\\repo1.maven.org\\maven2\\com\\sourcegraph\\semanticdb-javac\\0.10.0\\semanticdb-javac-0.10.0.jar"],"out":"C:\\Users\\Jorge Beltran\\Desktop\\Estudio UTPL\\Programacion funcional y reactiva\\ExamenBimestral1\\.scala-build\\.bloop\\ExamenBimestral1_5025697c03","classesDir":"C:\\Users\\Jorge Beltran\\Desktop\\Estudio UTPL\\Programacion funcional y reactiva\\ExamenBimestral1\\.scala-build\\ExamenBimestral1_5025697c03\\classes\\main","scala":{"organization":"org.scala-lang","name":"scala-compiler","version":"3.7.3","options":["-Xsemanticdb","-sourceroot","C:\\Users\\Jorge Beltran\\Desktop\\Estudio UTPL\\Programacion funcional y reactiva\\ExamenBimestral1"],"jars":["C:\\Users\\Jorge Beltran\\AppData\\Local\\Coursier\\cache\\v1\\https\\repo1.maven.org\\maven2\\org\\scala-lang\\scala3-compiler_3\\3.7.3\\scala3-compiler_3-3.7.3.jar","C:\\Users\\Jorge Beltran\\AppData\\Local\\Coursier\\cache\\v1\\https\\repo1.maven.org\\maven2\\org\\scala-lang\\scala3-interfaces\\3.7.3\\scala3-interfaces-3.7.3.jar","C:\\Users\\Jorge Beltran\\AppData\\Local\\Coursier\\cache\\v1\\https\\repo1.maven.org\\maven2\\org\\scala-lang\\scala3-library_3\\3.7.3\\scala3-library_3-3.7.3.jar","C:\\Users\\Jorge Beltran\\AppData\\Local\\Coursier\\cache\\v1\\https\\repo1.maven.org\\maven2\\org\\scala-lang\\tasty-core_3\\3.7.3\\tasty-core_3-3.7.3.jar","C:\\Users\\Jorge Beltran\\AppData\\Local\\Coursier\\cache\\v1\\https\\repo1.maven.org\\maven2\\org\\scala-lang\\modules\\scala-asm\\9.8.0-scala-1\\scala-asm-9.8.0-scala-1.jar","C:\\Users\\Jorge Beltran\\AppData\\Local\\Coursier\\cache\\v1\\https\\repo1.maven.org\\maven2\\org\\scala-sbt\\compiler-interface\\1.10.7\\compiler-interface-1.10.7.jar","C:\\Users\\Jorge Beltran\\AppData\\Local\\Coursier\\cache\\v1\\https\\repo1.maven.org\\maven2\\org\\jline\\jline-reader\\3.29.0\\jline-reader-3.29.0.jar","C:\\Users\\Jorge Beltran\\AppData\\Local\\Coursier\\cache\\v1\\https\\repo1.maven.org\\maven2\\org\\jline\\jline-terminal\\3.29.0\\jline-terminal-3.29.0.jar","C:\\Users\\Jorge Beltran\\AppData\\Local\\Coursier\\cache\\v1\\https\\repo1.maven.org\\maven2\\org\\jline\\jline-terminal-jni\\3.29.0\\jline-terminal-jni-3.29.0.jar","C:\\Users\\Jorge Beltran\\AppData\\Local\\Coursier\\cache\\v1\\https\\repo1.maven.org\\maven2\\org\\scala-lang\\scala-library\\2.13.16\\scala-library-2.13.16.jar","C:\\Users\\Jorge Beltran\\AppData\\Local\\Coursier\\cache\\v1\\https\\repo1.maven.org\\maven2\\org\\scala-sbt\\util-interface\\1.10.7\\util-interface-1.10.7.jar","C:\\Users\\Jorge Beltran\\AppData\\Local\\Coursier\\cache\\v1\\https\\repo1.maven.org\\maven2\\org\\jline\\jline-native\\3.29.0\\jline-native-3.29.0.jar"],"bridgeJars":["C:\\Users\\Jorge Beltran\\AppData\\Local\\Coursier\\cache\\v1\\https\\repo.scala-lang.org\\artifactory\\maven-nightlies\\org\\scala-lang\\scala3-sbt-bridge\\3.7.3\\scala3-sbt-bridge-3.7.3.jar"]},"java":{"options":["-Xplugin:semanticdb -sourceroot:C:\\Users\\Jorge Beltran\\Desktop\\Estudio UTPL\\Programacion funcional y reactiva\\ExamenBimestral1 -targetroot:javac-classes-directory","-J--add-exports","-Jjdk.compiler/com.sun.tools.javac.api=ALL-UNNAMED","-J--add-exports","-Jjdk.compiler/com.sun.tools.javac.code=ALL-UNNAMED","-J--add-exports","-Jjdk.compiler/com.sun.tools.javac.model=ALL-UNNAMED","-J--add-exports","-Jjdk.compiler/com.sun.tools.javac.tree=ALL-UNNAMED","-J--add-exports","-Jjdk.compiler/com.sun.tools.javac.util=ALL-UNNAMED"]},"platform":{"name":"jvm","config":{"home":"C:\\Users\\Jorge Beltran\\AppData\\Local\\Coursier\\cache\\arc\\https\\github.com\\adoptium\\temurin11-binaries\\releases\\download\\jdk-11.0.28%252B6\\OpenJDK11U-jdk_x64_windows_hotspot_11.0.28_6.zip\\jdk-11.0.28+6","options":[]},"mainClass":[]},"resolution":{"modules":[{"organization":"org.scala-lang","name":"scala3-library_3","version":"3.7.3","artifacts":[{"name":"scala3-library_3","path":"C:\\Users\\Jorge Beltran\\AppData\\Local\\Coursier\\cache\\v1\\https\\repo1.maven.org\\maven2\\org\\scala-lang\\scala3-library_3\\3.7.3\\scala3-library_3-3.7.3.jar"},{"name":"scala3-library_3","classifier":"sources","path":"C:\\Users\\Jorge Beltran\\AppData\\Local\\Coursier\\cache\\v1\\https\\repo1.maven.org\\maven2\\org\\scala-lang\\scala3-library_3\\3.7.3\\scala3-library_3-3.7.3-sources.jar"}]},{"organization":"org.scala-lang","name":"scala-library","version":"2.13.16","artifacts":[{"name":"scala-library","path":"C:\\Users\\Jorge Beltran\\AppData\\Local\\Coursier\\cache\\v1\\https\\repo1.maven.org\\maven2\\org\\scala-lang\\scala-library\\2.13.16\\scala-library-2.13.16.jar"},{"name":"scala-library","classifier":"sources","path":"C:\\Users\\Jorge Beltran\\AppData\\Local\\Coursier\\cache\\v1\\https\\repo1.maven.org\\maven2\\org\\scala-lang\\scala-library\\2.13.16\\scala-library-2.13.16-sources.jar"}]}]},"tags":["library"]}}